<?xml version="1.0" encoding="utf-8"?>
<extension version="3.4" type="plugin" group="system" method="upgrade">
    <name>LT Real Estate based template installer</name>
    <description>LT Real Estate Joomla Template</description>
    <scriptfile>installer.script.php</scriptfile>
	
    <files>
		<filename plugin="tmp_helix3">installer.script.php</filename>
    </files>
    <plugins>
        <plugin plugin="helix3" group="ajax" />
        <plugin plugin="helix3" group="system" />
    </plugins>
</extension>